Country,Area,Birth rate,Current account balance,Death rate,Electricity consumption,Electricity production,Exports,GDP,GDP per capita,GDP real growth rate,Highways,Imports,Industrial production growth rate,Infant mortality rate,Inflation rate,Internet users,Investment,Labor force,Life expectancy at birth,Military expenditures,Natural gas consumption,Oil consumption,Population,Public debt,Railways,Reserves of foreign exchange & gold,Total fertility rate,Unemployment rate
Japan,377835,9.47,170200000000.0,8.95,971000000000,1044000000000.0,538800000000.0,3745000000000.0,29400.0,2.9,1171647,401800000000.0,6.6,3.26,-0.1,57200000.0,24.0,66970000.0,81.15,1.0,80420000000.0,5290000,127417244,164.3,23705.0,664600000000.0,1.39,4.7
Germany,357021,8.33,73590000000.0,10.55,519500000000,560000000000.0,893300000000.0,2362000000000.0,28700.0,1.7,230735,716700000000.0,2.2,4.16,1.6,39000000.0,17.6,42630000.0,78.65,1.5,99550000000.0,2891000,82431390,65.8,46039.0,96840000000.0,1.39,10.6
Saudi Arabia,1960582,29.56,51500000000.0,2.62,128500000000,138200000000.0,113000000000.0,310200000000.0,12000.0,5.0,152044,36210000000.0,2.8,13.24,0.8,1500000.0,17.2,6620000.0,75.46,10.0,56400000000.0,1550000,26417599,75.0,1392.0,23620000000.0,4.05,25.0
Russia,17075200,9.8,46040000000.0,14.52,894300000000,915000000000.0,162500000000.0,1408000000000.0,9800.0,6.7,537289,92910000000.0,6.4,15.39,11.5,6000000.0,19.1,71830000.0,67.1,,405800000000.0,2310000,143420309,28.2,87157.0,124500000000.0,1.27,8.3
Switzerland,41290,9.77,40950000000.0,8.48,54530000000,63470000000.0,130700000000.0,251900000000.0,33800.0,1.8,71212,121100000000.0,4.7,4.39,0.9,2556000.0,20.4,3770000.0,80.39,1.0,3093000000.0,290400,7489370,57.2,4533.0,69580000000.0,1.42,3.4
Norway,324220,11.67,30520000000.0,9.45,107400000000,125900000000.0,76640000000.0,183000000000.0,40000.0,3.3,91852,45960000000.0,5.2,3.7,1.0,2288000.0,17.5,2380000.0,79.4,1.9,4100000000.0,171100,4593041,33.1,4077.0,,1.78,4.3
China,9596960,13.14,30320000000.0,6.94,1630000000000,1910000000000.0,583100000000.0,7262000000000.0,5600.0,9.1,1765222,552400000000.0,17.1,24.18,4.1,94000000.0,46.0,760800000.0,72.27,4.3,29180000000.0,4956000,1306313812,31.4,70058.0,609900000000.0,1.72,9.8
Canada,9984670,10.84,28200000000.0,7.73,487300000000,548900000000.0,315600000000.0,1023000000000.0,31500.0,2.4,1408800,256100000000.0,2.0,4.75,1.9,16110000.0,19.4,17370000.0,80.1,1.1,55800000000.0,2200000,32805041,,48909.0,36270000000.0,1.61,7.0
Korea South,98480,10.08,26780000000.0,6.26,293600000000,322500000000.0,250600000000.0,925100000000.0,19200.0,4.6,86990,214200000000.0,10.1,7.05,3.6,29220000.0,28.7,22900000.0,75.82,2.8,20920000000.0,2070000,48422644,21.3,3125.0,199100000000.0,1.26,3.6
Sweden,449964,10.36,24080000000.0,10.36,138100000000,142800000000.0,121700000000.0,255400000000.0,28400.0,3.6,213237,97970000000.0,5.5,2.77,0.7,5125000.0,15.8,4460000.0,80.4,1.7,949000000.0,328600,9001774,51.6,11481.0,19990000000.0,1.66,5.6
Taiwan,35980,12.64,21160000000.0,6.38,147400000000,158500000000.0,170500000000.0,576200000000.0,25300.0,6.0,37299,165400000000.0,12.2,6.4,1.7,13800000.0,18.0,10220000.0,77.26,2.6,6640000000.0,988000,22894384,32.4,2508.0,246500000000.0,1.57,4.5
Netherlands,41526,11.14,19900000000.0,8.68,100700000000,90610000000.0,293100000000.0,481100000000.0,29500.0,1.2,116500,252700000000.0,0.8,5.04,1.4,8500000.0,19.9,7530000.0,78.81,1.6,49720000000.0,895300,16407491,55.8,2808.0,21440000000.0,1.66,6.0
Hong Kong,1092,7.23,14850000000.0,5.98,38450000000,35510000000.0,268100000000.0,234500000000.0,34200.0,7.9,1831,275900000000.0,1.0,2.97,-0.3,3212800.0,22.7,3540000.0,81.39,,680900000.0,257000,6898686,2.1,,123600000000.0,0.91,6.7
Venezuela,912050,18.91,14590000000.0,4.9,89300000000,89700000000.0,35840000000.0,145200000000.0,5800.0,16.8,96155,14980000000.0,12.3,22.2,22.4,1274400.0,12.9,12250000.0,74.31,1.5,29400000000.0,500000,25375281,43.1,682.0,25750000000.0,2.26,17.1
Kuwait,17820,21.88,12040000000.0,2.42,30160000000,32430000000.0,27420000000.0,48000000000.0,21300.0,6.8,4450,11120000000.0,-5.0,9.95,2.3,567000.0,8.0,1420000.0,77.03,5.3,8700000000.0,293000,2335648,29.6,,7333000000.0,2.97,2.2
Algeria,2381740,17.13,11900000000.0,4.6,23610000000,25760000000.0,32160000000.0,212300000000.0,6600.0,6.1,104000,15250000000.0,6.0,31.0,3.1,500000.0,26.2,9910000.0,73.0,3.2,22320000000.0,209000,32531853,37.4,3973.0,43550000000.0,1.92,25.4
Malaysia,329750,23.07,11810000000.0,5.06,68400000000,75330000000.0,123500000000.0,229300000000.0,9700.0,7.1,65877,99300000000.0,10.2,17.7,1.3,8692100.0,21.7,10490000.0,72.24,2.03,31250000000.0,460000,23953136,45.4,2418.0,55270000000.0,3.07,3.0
Belgium,30528,10.48,11400000000.0,10.22,78820000000,76580000000.0,255700000000.0,316200000000.0,30600.0,2.6,149028,235000000000.0,3.5,4.68,1.9,3400000.0,19.1,4750000.0,78.62,1.3,15500000000.0,595100,10364388,96.2,3518.0,14450000000.0,1.64,12.0
Finland,338145,10.5,11390000000.0,9.79,78580000000,71590000000.0,61040000000.0,151200000000.0,29000.0,3.0,78197,45170000000.0,2.0,3.57,0.7,2650000.0,18.3,2660000.0,78.35,2.0,4557000000.0,211400,5223442,46.8,5851.0,11170000000.0,1.73,8.9
Libya,1759540,26.82,9895000000.0,3.48,19430000000,20890000000.0,18650000000.0,37480000000.0,6700.0,4.9,83200,7224000000.0,,24.6,2.9,160000.0,9.9,1590000.0,76.5,3.9,5410000000.0,216000,5765563,8.8,,24180000000.0,3.34,30.0
Singapore,693,9.49,8800000000.0,4.16,32000000000,35330000000.0,174000000000.0,120900000000.0,27800.0,8.1,3130,155200000000.0,11.1,2.29,1.7,2310000.0,27.4,2180000.0,81.62,4.9,2500000000.0,700000,4425720,102.5,,112800000000.0,1.05,3.4
Brazil,8511965,16.83,8000000000.0,6.15,351900000000,339000000000.0,95000000000.0,1492000000000.0,8100.0,5.1,1724929,61000000000.0,6.0,29.61,7.6,14300000.0,19.8,89000000.0,71.69,1.8,9590000000.0,2199000,186112794,52.0,29412.0,52940000000.0,1.93,11.5
Indonesia,1919440,20.71,7338000000.0,6.25,92350000000,110200000000.0,69860000000.0,827400000000.0,3500.0,4.9,342700,45070000000.0,10.5,35.6,6.1,8000000.0,16.6,111500000.0,69.57,3.0,55300000000.0,1183000,241973879,56.2,6458.0,35820000000.0,2.44,9.2
Thailand,514000,15.7,6736000000.0,7.02,106100000000,118900000000.0,87910000000.0,524800000000.0,8100.0,6.1,57403,80840000000.0,8.5,20.48,2.8,6971500.0,22.5,36430000.0,71.57,1.8,23930000000.0,785000,65444371,47.6,4071.0,48300000000.0,1.88,1.5
Denmark,43094,11.36,6529000000.0,10.43,31630000000,36380000000.0,73060000000.0,174400000000.0,32200.0,2.1,71847,63450000000.0,1.7,4.56,1.4,2756000.0,19.8,2870000.0,77.62,1.5,5280000000.0,218000,5432335,42.5,3002.0,37980000000.0,1.74,6.2
United Arab Emirates,82880,18.78,6300000000.0,4.26,36510000000,45120000000.0,69480000000.0,63670000000.0,25200.0,5.7,1088,45660000000.0,4.0,14.51,3.2,1110200.0,20.8,2360000.0,75.24,3.1,33700000000.0,310000,2563212,17.6,,18640000000.0,2.94,2.4
Argentina,2766890,16.9,5473000000.0,7.56,81650000000,81390000000.0,33780000000.0,483500000000.0,12400.0,8.3,215471,22060000000.0,12.0,15.18,6.1,4100000.0,18.3,15040000.0,75.91,1.3,31100000000.0,486000,39537943,118.0,34091.0,19470000000.0,2.19,14.8
Nigeria,923768,40.65,5228000000.0,17.18,18430000000,19850000000.0,33990000000.0,125700000000.0,1000.0,6.2,194394,17140000000.0,1.8,98.8,16.5,750000.0,18.0,55670000.0,46.74,0.8,7850000000.0,275000,128771988,20.0,3557.0,14710000000.0,5.53,
Qatar,11437,15.54,5187000000.0,4.61,9046000000,9727000000.0,15000000000.0,19490000000.0,23200.0,8.7,1230,6150000000.0,10.0,18.61,3.0,126000.0,22.9,140000.0,73.67,10.0,15860000000.0,30000,863051,,,3351000000.0,2.87,2.7
India,3287590,22.32,4897000000.0,8.28,510100000000,547200000000.0,69180000000.0,3319000000000.0,3100.0,6.2,2525989,89330000000.0,7.4,56.29,4.2,18481000.0,23.8,482200000.0,64.35,2.5,22750000000.0,2130000,1080264388,59.7,63140.0,126000000000.0,2.78,9.2
Ukraine,603700,10.49,4584000000.0,16.42,132000000000,180000000000.0,32910000000.0,299100000000.0,6300.0,12.0,169679,31450000000.0,16.5,20.34,12.0,3800000.0,18.8,21110000.0,66.85,1.4,79860000000.0,303000,47425336,24.7,22473.0,11330000000.0,1.4,3.5
Philippines,300000,25.31,3600000000.0,5.47,46050000000,52860000000.0,38630000000.0,430600000000.0,5000.0,5.9,202124,37500000000.0,5.0,23.51,5.5,3500000.0,17.0,35860000.0,69.91,1.0,25000000.0,338000,87857473,74.2,897.0,16050000000.0,3.16,11.7
Oman,212460,36.73,2674000000.0,3.86,9792000000,9896000000.0,13140000000.0,38090000000.0,13100.0,1.2,34965,6373000000.0,-1.2,19.51,0.2,180000.0,13.5,920000.0,73.13,11.4,6340000000.0,54000,3001583,10.3,,4144000000.0,5.84,15.0
Chile,756950,15.44,2185000000.0,5.76,41800000000,48600000000.0,29200000000.0,169100000000.0,10700.0,5.8,79605,22530000000.0,7.8,8.8,2.4,3575000.0,23.9,6200000.0,76.58,3.8,6517000000.0,240000,15980912,12.8,6585.0,16020000000.0,2.02,8.5
Egypt,1001450,23.32,2113000000.0,5.26,75580000000,81270000000.0,11000000000.0,316300000000.0,4200.0,4.5,64000,19210000000.0,2.5,32.59,9.5,2700000.0,15.8,20710000.0,71.0,3.4,21200000000.0,562000,77505756,102.7,5063.0,14030000000.0,2.88,10.9
Iran,1648000,16.83,2100000000.0,5.55,119900000000,129000000000.0,38790000000.0,516700000000.0,7700.0,6.3,167157,31300000000.0,3.5,41.58,15.5,4300000.0,31.3,23000000.0,69.96,3.3,72400000000.0,1400000,68017860,27.0,7203.0,29870000000.0,1.82,11.2
Trinidad and Tobago,5128,12.81,1548000000.0,9.37,5341000000,5743000000.0,6671000000.0,11480000000.0,10500.0,5.7,8320,4650000000.0,7.2,24.31,3.3,138000.0,19.4,590000.0,68.91,0.6,13760000000.0,24000,1088644,54.4,,2927000000.0,1.75,10.4
Pakistan,803940,30.42,1400000000.0,8.45,52660000000,75270000000.0,15070000000.0,347300000000.0,2200.0,6.1,257683,14010000000.0,13.1,72.44,4.8,1500000.0,16.4,45430000.0,63.0,4.9,23400000000.0,365000,162419946,71.4,8163.0,12580000000.0,4.14,8.3
Syria,185180,28.29,1100000000.0,4.88,24320000000,26150000000.0,6086000000.0,60440000000.0,3400.0,2.3,45697,5042000000.0,7.0,29.53,2.1,220000.0,16.3,5120000.0,70.03,5.9,5840000000.0,240000,18448752,32.0,2711.0,5000000000.0,3.5,20.0
Morocco,446550,22.29,765400000.0,5.64,14240000000,13910000000.0,9754000000.0,134600000000.0,4200.0,4.4,57694,15630000000.0,,41.62,2.1,800000.0,22.4,11020000.0,70.66,5.0,50000000.0,167000,32725847,70.2,1907.0,15140000000.0,2.73,12.1
Dominican Republic,48730,23.28,762200000.0,7.35,8912000000,9583000000.0,5446000000.0,55680000000.0,6300.0,1.7,12600,8093000000.0,2.0,32.38,55.0,500000.0,18.9,,67.26,1.1,,129000,8950034,61.1,1743.0,426000000.0,2.86,17.0
Bulgaria,110910,9.66,682900000.0,14.26,32710000000,43070000000.0,9134000000.0,61630000000.0,8200.0,5.3,37077,12230000000.0,5.2,20.55,6.1,630000.0,18.6,3398000.0,72.03,2.6,5804000000.0,94000,7450349,41.9,4294.0,7526000000.0,1.38,12.7
Bahrain,665,18.1,586100000.0,4.08,6379000000,6860000000.0,8205000000.0,13010000000.0,19200.0,5.6,3459,5870000000.0,2.0,17.27,2.1,195700.0,12.8,370000.0,74.23,6.3,32700000000.0,40000,688345,63.8,,2141000000.0,2.63,15.0
Uzbekistan,447400,26.22,461900000.0,7.95,46660000000,47700000000.0,3700000000.0,47590000000.0,1800.0,4.4,81600,2820000000.0,6.2,71.1,3.0,492000.0,,14640000.0,64.19,2.0,45200000000.0,142000,26851195,41.5,3950.0,1603000000.0,2.94,0.6
Yemen,527970,43.07,369900000.0,8.53,2827000000,3040000000.0,4468000000.0,16250000000.0,800.0,1.9,67000,3734000000.0,3.0,61.5,12.2,100000.0,16.1,5980000.0,61.75,7.8,,78000,20727063,46.4,,5300000000.0,6.67,35.0
Botswana,600370,23.33,337000000.0,29.36,1890000000,930000000.0,2940000000.0,15050000000.0,9200.0,3.5,10217,2255000000.0,4.4,54.58,7.0,60000.0,25.5,264000.0,33.87,3.9,,16000,1640115,8.6,888.0,5700000000.0,2.85,23.8
Chad,1284000,45.98,330200000.0,16.41,89400000,96130000.0,365000000.0,15660000000.0,1600.0,38.0,33400,500700000.0,5.0,93.82,8.0,15000.0,24.7,,47.94,2.1,,1500,9826419,,,652700000.0,6.32,
Mauritius,2040,15.62,284100000.0,6.83,1707000000,1836000000.0,2012000000.0,15680000000.0,12800.0,4.7,2000,2245000000.0,8.0,15.03,4.5,150000.0,22.5,560000.0,72.38,0.2,,21000,1230602,29.2,,1676000000.0,1.96,10.8
Bolivia,1098580,23.76,273000000.0,7.64,3848000000,4132000000.0,1986000000.0,22330000000.0,2600.0,3.7,60282,1595000000.0,5.7,53.11,4.9,270000.0,10.4,3800000.0,65.5,1.6,1150000000.0,49000,8857870,,3519.0,1214000000.0,2.94,9.2
Congo Republic of the,342000,27.88,266000000.0,14.82,573600000,348000000.0,2224000000.0,2324000000.0,800.0,3.7,12800,749300000.0,0.0,92.41,1.8,15000.0,25.8,,48.97,2.8,,5000,3039126,,894.0,40420000.0,3.54,
Ecuador,283560,22.67,261100000.0,4.24,75580000000,81270000000.0,7560000000.0,49510000000.0,3700.0,5.8,43197,7650000000.0,10.0,23.66,2.0,569700.0,20.6,4530000.0,76.21,2.2,160000000.0,129000,13363593,49.2,966.0,1436000000.0,2.72,11.1
Honduras,112090,30.38,258300000.0,6.87,3771000000,3626000000.0,1457000000.0,18790000000.0,2800.0,4.2,13603,3332000000.0,7.7,29.32,7.0,168600.0,24.1,2470000.0,65.6,1.4,,29000,6975204,74.1,699.0,1464000000.0,3.87,28.5
Namibia,825418,25.16,234300000.0,18.36,1920000000,1167000000.0,1356000000.0,14760000000.0,7300.0,4.8,42237,1473000000.0,,48.98,4.2,65000.0,19.6,840000.0,43.93,3.1,,13000,2030692,38.5,2382.0,360000000.0,3.18,35.0
Bangladesh,144000,30.01,216600000.0,8.4,15300000000,16450000000.0,7478000000.0,275700000000.0,2000.0,4.9,207486,10030000000.0,6.5,62.6,6.0,243000.0,23.5,65490000.0,62.08,1.8,9900000000.0,71000,144319628,43.0,2706.0,3000000000.0,3.13,40.0
Israel,20770,18.21,211900000.0,6.18,38300000000,42670000000.0,34410000000.0,129000000000.0,20800.0,3.9,16903,36840000000.0,4.5,7.03,0.0,2000000.0,17.6,2680000.0,79.32,8.7,10000000.0,260000,6276883,104.5,640.0,28480000000.0,2.44,10.7
Jordan,92300,21.76,203200000.0,2.63,7094000000,7307000000.0,3200000000.0,25500000000.0,4500.0,5.1,7301,7600000000.0,5.0,17.35,3.2,457000.0,11.6,1410000.0,78.24,14.6,290000000.0,103000,5759732,85.8,505.0,5457000000.0,2.71,15.0
Gabon,267667,36.24,196800000.0,11.72,1080000000,1161000000.0,3710000000.0,7966000000.0,5900.0,1.9,8464,1225000000.0,1.6,53.64,1.5,35000.0,21.8,650000.0,55.75,2.0,80000000.0,13000,1389201,29.3,814.0,268600000.0,4.77,21.0
Uruguay,176220,14.09,181800000.0,9.06,5878000000,8536000000.0,2200000000.0,49270000000.0,14500.0,10.2,8983,2071000000.0,22.0,11.95,7.6,400000.0,9.6,1560000.0,76.13,2.0,64500000.0,41500,3415920,,2073.0,2362000000.0,1.91,13.0
Turkmenistan,488100,27.68,114000000.0,8.78,8908000000,11410000000.0,4000000000.0,27600000000.0,5700.0,7.5,24000,2850000000.0,22.0,73.08,9.0,8000.0,29.0,2320000.0,61.39,3.4,9600000000.0,63000,4952081,,2440.0,3034000000.0,3.41,60.0
Ghana,239460,23.97,83870000.0,10.84,6137000000,6922000000.0,3010000000.0,48270000000.0,2300.0,5.4,46176,3699000000.0,3.8,51.43,13.0,170000.0,19.7,10240000.0,56.0,0.6,,38000,21029853,,953.0,1267000000.0,3.02,20.0
Tunisia,163610,15.5,71850000.0,5.09,10050000000,10720000000.0,9926000000.0,70880000000.0,7100.0,5.1,18997,11520000000.0,4.4,24.77,4.1,630000.0,24.5,3550000.0,74.89,1.5,3830000000.0,87000,10074951,59.2,2152.0,3509000000.0,1.75,13.8
Papua New Guinea,462840,29.95,29150000.0,7.37,1561000000,1679000000.0,2437000000.0,11990000000.0,2200.0,0.9,19600,1353000000.0,,51.45,4.2,75000.0,13.6,3320000.0,64.93,1.4,110000000.0,15000,5545268,59.3,,635800000.0,3.96,
Gambia The,11300,39.86,-16400000.0,11.81,83990000,90310000.0,114400000.0,2799000000.0,1800.0,6.0,2700,180900000.0,,72.02,7.0,25000.0,25.3,400000.0,55.2,0.3,,1900,1593256,,,113100000.0,5.38,
Haiti,27750,36.59,-27630000.0,12.34,574700000,618000000.0,338100000.0,12050000000.0,1500.0,-3.5,4160,1085000000.0,,73.45,22.0,80000.0,,3600000.0,52.92,0.9,,11000,8121622,,,80640000.0,5.02,
Peru,1285220,20.87,-30000000.0,6.26,20220000000,22880000000.0,12300000000.0,155300000000.0,5600.0,4.5,78230,9600000000.0,5.2,31.94,3.8,2850000.0,17.8,11000000.0,69.53,1.4,910000000.0,161000,27925628,44.1,3462.0,12700000000.0,2.56,9.6
Sao Tome and Principe,1001,40.8,-31500000.0,6.68,15810000,17000000.0,6700000.0,214000000.0,1200.0,6.0,320,41000000.0,,43.11,14.0,15000.0,31.5,,66.99,0.8,,700,187410,,,29780000.0,5.71,
Paraguay,406750,29.43,-36110000.0,4.53,2469000000,48360000000.0,2936000000.0,29930000000.0,4800.0,2.8,29500,3330000000.0,0.0,25.63,5.1,120000.0,18.1,2660000.0,74.89,0.9,,25000,6347884,39.2,441.0,1164000000.0,3.93,15.1
Angola,1246700,44.64,-37880000.0,25.9,1587000000,1707000000.0,12760000000.0,23170000000.0,2100.0,11.7,51429,4896000000.0,1.0,191.19,43.8,41000.0,34.5,5410000.0,36.61,10.6,530000000.0,31000,11190786,,2761.0,800000000.0,6.27,
Kazakhstan,2717300,15.78,-39020000.0,9.46,62210000000,66820000000.0,18470000000.0,118400000000.0,7800.0,9.1,82980,13070000000.0,10.6,29.21,6.9,250000.0,23.9,7950000.0,66.55,0.9,14300000000.0,189400,15185844,13.7,13601.0,14350000000.0,1.89,8.0
Slovenia,20273,8.95,-51640000.0,10.22,11800000000,12490000000.0,14970000000.0,39410000000.0,19600.0,3.9,20250,16070000000.0,3.9,4.45,3.3,750000.0,24.9,870000.0,76.14,1.7,1040000000.0,53300,2011070,31.5,1201.0,8493000000.0,1.24,6.4
Tajikistan,143100,32.58,-52000000.0,8.39,14410000000,15080000000.0,1130000000.0,7950000000.0,1100.0,10.5,27767,1300000000.0,8.2,110.76,8.0,4100.0,22.0,3187000.0,64.56,3.9,1300000000.0,20000,7163506,,482.0,145300000.0,4.05,40.0
Malawi,118480,43.95,-55500000.0,23.39,1012000000,1088000000.0,503400000.0,7410000000.0,600.0,4.0,28400,521100000.0,1.4,103.32,12.0,36000.0,10.7,4500000.0,36.97,0.7,,5400,12158924,228.3,797.0,160500000.0,5.98,
Burundi,27830,39.66,-59500000.0,17.43,137800000,132000000.0,31840000.0,4001000000.0,600.0,3.0,14480,138200000.0,18.0,69.29,8.5,14000.0,10.7,2990000.0,43.5,6.0,,2750,6370609,,,76890000.0,5.81,
Laos,236800,35.99,-80760000.0,11.83,3036000000,3560000000.0,365500000.0,11280000000.0,1900.0,6.0,21716,579500000.0,9.7,85.22,12.3,15000.0,,2600000.0,55.08,0.5,,2750,6217141,,,193100000.0,4.77,5.7
Swaziland,17363,27.72,-82400000.0,25.26,1173000000,402000000.0,900100000.0,6018000000.0,5100.0,2.5,3107,1140000000.0,3.7,69.27,5.4,27000.0,23.6,383200.0,35.65,1.4,,3500,1173900,,301.0,320500000.0,3.7,34.0
Kyrgyzstan,198500,22.48,-87920000.0,7.13,10210000000,11720000000.0,646700000.0,8495000000.0,1700.0,6.0,18500,775100000.0,6.0,35.64,3.2,152000.0,17.0,2700000.0,68.16,1.4,2016000000.0,20000,5146281,,470.0,498700000.0,2.7,18.0
Cape Verde,4033,25.33,-93760000.0,6.62,40060000,43080000.0,61110000.0,600000000.0,1400.0,5.0,1100,387300000.0,,47.77,1.5,20400.0,19.2,,70.45,1.5,,2000,418224,,,112700000.0,3.48,21.0
Seychelles,455,16.22,-98420000.0,6.34,202800000,218000000.0,256200000.0,626000000.0,7800.0,1.5,373,393400000.0,,15.53,5.0,11700.0,39.5,30900.0,71.82,1.8,,4000,81188,122.8,,70940000.0,1.75,
Mozambique,801590,35.79,-101200000.0,20.99,5046000000,8859000000.0,689400000.0,23380000000.0,1200.0,8.2,30400,972900000.0,3.4,130.79,12.8,50000.0,47.0,9200000.0,40.32,2.2,60000000.0,8500,19406703,,3123.0,1206000000.0,4.7,21.0
Lesotho,30355,26.53,-108300000.0,25.03,308000000,314000000.0,484500000.0,5892000000.0,3200.0,3.3,5940,730900000.0,15.5,84.23,5.3,21000.0,39.6,838000.0,36.68,2.3,,1500,1867035,,,402200000.0,3.35,45.0
Belize,22966,29.34,-115000000.0,6.04,108800000,117000000.0,401400000.0,1778000000.0,6500.0,3.5,2872,579900000.0,4.6,25.69,2.9,30000.0,33.6,90000.0,67.49,2.0,,5000,279457,,,111100000.0,3.68,12.9
Togo,56785,33.48,-125600000.0,11.8,451200000,108800000.0,663100000.0,8684000000.0,1600.0,3.0,7520,824900000.0,,66.61,1.0,210000.0,19.1,1740000.0,52.64,1.9,,10000,5681519,,568.0,267400000.0,4.61,
Guyana,214970,18.45,-129400000.0,8.32,751400000,808000000.0,570200000.0,2899000000.0,3800.0,1.9,7970,650100000.0,7.1,33.26,4.5,125000.0,34.5,418000.0,65.5,0.9,,11000,765283,,187.0,280600000.0,2.05,
Eritrea,121320,38.62,-144900000.0,13.53,229400000,246600000.0,64440000.0,4154000000.0,900.0,2.5,4010,622000000.0,,74.87,10.0,9500.0,26.3,,52.16,13.4,,6000,4561599,,306.0,30870000.0,5.61,
Moldova,33843,15.27,-148400000.0,12.79,4605000000,3876000000.0,1030000000.0,8581000000.0,1900.0,6.8,12719,1830000000.0,17.0,40.42,11.5,150000.0,17.1,1360000.0,65.18,0.4,2050000000.0,24000,4455421,63.4,1138.0,390000000.0,1.81,8.0
Cameroon,475440,34.67,-149100000.0,15.4,3321000000,3571000000.0,2445000000.0,30170000000.0,1900.0,4.9,34300,1979000000.0,4.2,68.26,1.0,60000.0,16.1,6680000.0,47.84,1.6,,22000,16380005,69.1,1008.0,687500000.0,4.47,30.0
Benin,112620,41.99,-159900000.0,13.76,565200000,285200000.0,720900000.0,8338000000.0,1200.0,5.0,6787,934500000.0,8.3,85.0,2.8,70000.0,19.3,,50.51,2.4,,11500,7460025,,578.0,839300000.0,5.86,
Zambia,752614,41.38,-181400000.0,20.23,5345000000,8167000000.0,1548000000.0,9409000000.0,900.0,4.6,91440,1519000000.0,6.9,88.29,18.3,68200.0,41.4,4630000.0,39.7,1.8,,11000,11261795,127.5,2173.0,345000000.0,5.47,50.0
Burma,678500,18.11,-185000000.0,12.15,3484000000,5068000000.0,2137000000.0,74300000000.0,1700.0,-1.3,28200,1754000000.0,,67.24,17.2,28000.0,10.2,27010000.0,56.22,2.1,1569000000.0,60950,42909464,,3955.0,590000000.0,2.01,5.2
Cuba,110860,12.03,-185100000.0,7.19,13400000000,14410000000.0,2104000000.0,33920000000.0,3000.0,3.0,60858,5296000000.0,1.4,6.33,3.1,120000.0,11.2,4550000.0,77.23,1.8,600000000.0,163000,11346670,,4226.0,738600000.0,1.66,2.5
Rwanda,26338,40.6,-212500000.0,16.32,195000000,166700000.0,69780000.0,10430000000.0,1300.0,0.9,12000,260000000.0,7.0,91.23,7.0,25000.0,20.0,4600000.0,46.96,3.2,,5300,8440820,,,210900000.0,5.49,
Zimbabwe,390580,29.74,-230300000.0,24.66,11220000000,8839000000.0,1409000000.0,24370000000.0,1900.0,-8.2,18338,1599000000.0,-7.8,67.69,133.0,500000.0,9.9,4230000.0,36.67,4.3,,23000,12746990,52.3,3077.0,57000000.0,3.54,70.0
Armenia,29800,11.76,-240400000.0,8.16,5797000000,6492000000.0,850000000.0,13650000000.0,4600.0,9.0,8431,1300000000.0,15.0,23.28,3.5,150000.0,19.8,1400000.0,71.55,6.5,1400000000.0,5700,2982904,,845.0,555000000.0,1.32,30.0
Malta,316,10.17,-241000000.0,8.0,2000000000,2150000000.0,2625000000.0,7223000000.0,18200.0,1.0,2222,3407000000.0,,3.89,2.9,120000.0,26.4,160000.0,78.86,0.7,,20000,398534,,,2865000000.0,1.5,7.0
Madagascar,587040,41.66,-281900000.0,11.35,781400000,840200000.0,868200000.0,14560000000.0,800.0,5.5,49827,1147000000.0,3.0,76.83,7.5,70500.0,14.7,7300000.0,56.95,1.2,,13000,18040341,,732.0,500300000.0,5.66,
France,547030,12.15,-305000000.0,9.08,414700000000,528600000000.0,419000000000.0,1737000000000.0,28700.0,2.1,893100,419700000000.0,1.7,4.26,2.3,21900000.0,19.2,27700000.0,79.6,2.6,42010000000.0,2026000,60656178,67.7,32175.0,70760000000.0,1.85,10.1
Guinea,245857,42.03,-308300000.0,15.38,795200000,855000000.0,709200000.0,19500000000.0,2100.0,1.0,30500,641500000.0,3.2,90.37,18.0,40000.0,21.0,3000000.0,49.86,1.7,,8600,9467866,,837.0,201700000.0,5.83,
Macedonia,25333,12.0,-311000000.0,8.73,7216000000,6273000000.0,1629000000.0,14400000000.0,7100.0,1.3,8684,2677000000.0,0.0,10.09,0.4,100000.0,17.5,855000.0,73.73,6.0,,22000,2045262,20.0,699.0,928000000.0,1.57,37.7
Cambodia,181040,27.08,-316200000.0,8.97,100600000,122000000.0,2311000000.0,26990000000.0,2000.0,5.4,12323,3129000000.0,22.0,71.48,3.1,30000.0,20.9,7000000.0,58.87,3.0,,7200,13607069,,602.0,997500000.0,3.44,2.5
Tanzania,945087,38.16,-327400000.0,16.71,2566000000,2727000000.0,1248000000.0,23710000000.0,700.0,5.8,88200,1972000000.0,8.4,98.54,5.4,250000.0,16.2,19000000.0,45.24,0.2,,17000,36766356,5.0,3690.0,2175000000.0,5.06,
Cote d'Ivoire,322460,35.51,-421500000.0,14.94,2976000000,4759000000.0,5124000000.0,24780000000.0,1500.0,-1.0,50400,3360000000.0,15.0,90.83,1.4,90000.0,11.3,6700000.0,48.62,1.2,1350000000.0,32000,17298040,74.8,660.0,1950000000.0,4.58,13.0
Kenya,582650,40.13,-459200000.0,14.65,4337000000,4475000000.0,2589000000.0,34680000000.0,1100.0,2.2,63942,4190000000.0,2.6,61.47,9.0,400000.0,14.7,11400000.0,47.99,1.3,,57000,33829590,74.3,2778.0,1500000000.0,4.96,40.0
Ethiopia,1127127,38.61,-464400000.0,15.06,1998000000,2149000000.0,562800000.0,54890000000.0,800.0,11.6,33297,2104000000.0,6.7,95.32,2.4,75000.0,17.8,,48.83,4.6,,23000,73053286,,681.0,923100000.0,5.33,
Panama,78200,19.96,-469600000.0,6.54,4473000000,4873000000.0,5699000000.0,20570000000.0,6900.0,6.0,11643,7164000000.0,5.4,20.47,2.0,120000.0,25.0,1320000.0,71.94,1.1,,40520,3039150,69.2,355.0,1076000000.0,2.45,12.6
Burkina Faso,274200,44.17,-471700000.0,18.86,335700000,361000000.0,418600000.0,15740000000.0,1200.0,4.8,12506,866300000.0,14.0,97.57,2.4,48000.0,29.1,5000000.0,43.92,1.3,,8000,13925313,,622.0,474900000.0,6.23,
Albania,28748,15.08,-504000000.0,5.12,6760000000,5680000000.0,552400000.0,17460000000.0,4900.0,5.6,18000,2076000000.0,3.1,21.52,3.2,30000.0,18.4,1090000.0,77.24,1.49,30000000.0,7500,3563112,,447.0,1206000000.0,2.04,14.8
Senegal,196190,35.21,-518800000.0,10.6,1615000000,1737000000.0,1374000000.0,18360000000.0,1700.0,3.2,14576,2128000000.0,4.7,55.51,0.8,225000.0,20.1,4650000.0,56.75,1.5,50000000.0,31000,11126832,55.2,906.0,820000000.0,4.75,48.0
Iraq,437072,32.5,-560000000.0,5.49,33700000000,32600000000.0,10100000000.0,89800000000.0,3500.0,52.3,45550,9900000000.0,,50.25,25.4,25000.0,,6700000.0,68.7,,2350000000.0,383000,26074906,,1963.0,,4.28,25.0
Iceland,103000,13.73,-570000000.0,6.68,7692000000,8271000000.0,2902000000.0,9373000000.0,31900.0,1.8,13004,3307000000.0,8.8,3.31,4.0,195000.0,23.8,158100.0,80.19,,,16300,296737,35.9,,935000000.0,1.92,3.1
Equatorial Guinea,28051,36.18,-578600000.0,12.0,24820000,26690000.0,2771000000.0,1270000000.0,2700.0,20.0,2880,1167000000.0,30.0,85.13,8.5,1800.0,50.8,,55.56,2.5,20000000.0,2000,535881,,,235200000.0,4.62,30.0
Sri Lanka,65610,15.63,-587300000.0,6.49,6228000000,6697000000.0,5306000000.0,80580000000.0,4000.0,5.2,11650,7265000000.0,7.1,14.35,5.8,200000.0,22.4,7260000.0,73.17,2.6,,75000,20064776,104.3,1449.0,2475000000.0,1.85,7.8
Uganda,236040,47.39,-590800000.0,12.8,1401000000,1775000000.0,621700000.0,39390000000.0,1500.0,5.0,27000,1306000000.0,5.6,67.83,3.5,125000.0,22.4,12410000.0,51.59,2.2,,8750,27269482,73.9,1241.0,1200000000.0,6.74,
Cyprus,9250,12.57,-619900000.0,7.64,602000000,4000000000.0,49300000.0,4540000000.0,7135.0,2.6,13943,415200000.0,-0.3,7.18,2.4,210000.0,17.9,95025.0,77.65,3.8,,49000,780133,74.9,,941600000.0,1.83,3.2
Georgia,69700,10.25,-632900000.0,9.09,6811000000,6732000000.0,909400000.0,14450000000.0,3100.0,9.5,20229,1806000000.0,3.0,18.59,5.5,150500.0,18.5,2100000.0,75.88,0.59,1160000000.0,31500,4677401,,1612.0,231400000.0,1.41,17.0
Sudan,2505810,35.17,-763600000.0,9.16,2400000000,2581000000.0,3395000000.0,76190000000.0,1900.0,6.4,11900,3496000000.0,8.5,62.5,9.0,300000.0,16.0,11000000.0,58.54,3.0,,70000,40187486,79.7,5995.0,1652000000.0,4.85,18.7
Jamaica,10991,16.56,-830700000.0,5.37,5849000000,6289000000.0,1679000000.0,11130000000.0,4100.0,1.9,18700,3624000000.0,-2.0,12.36,12.4,600000.0,32.0,1140000.0,76.29,0.4,,66000,2731832,146.1,272.0,1400000000.0,1.95,15.0
Nicaragua,129494,24.88,-843100000.0,4.49,2318000000,2553000000.0,750000000.0,12340000000.0,2300.0,4.0,18712,2020000000.0,4.4,29.11,9.3,90000.0,28.0,1930000.0,70.33,0.7,,25770,5465100,69.5,6.0,670000000.0,2.81,7.8
El Salvador,21040,27.04,-880500000.0,5.85,4450000000,4158000000.0,3249000000.0,32350000000.0,4900.0,1.8,10029,5968000000.0,0.7,25.1,5.4,550000.0,16.6,2750000.0,71.22,1.1,,39000,6704932,41.7,283.0,1888000000.0,3.16,6.3
Costa Rica,51100,18.6,-980300000.0,4.33,5733000000,6614000000.0,6184000000.0,37970000000.0,9600.0,3.9,35303,7842000000.0,3.1,9.95,11.5,800000.0,19.2,1810000.0,76.84,0.4,,37000,4016173,58.0,950.0,1736000000.0,2.28,6.6
Belarus,207600,10.83,-1119000000.0,14.15,34300000000,30000000000.0,11470000000.0,70500000000.0,6800.0,6.4,79990,13570000000.0,4.0,13.37,17.4,1391900.0,21.8,4305000.0,68.72,1.4,18800000000.0,285000,10300483,,5523.0,770200000.0,1.39,2.0
Estonia,45226,9.91,-1169000000.0,13.21,6358000000,8301000000.0,5701000000.0,19230000000.0,14300.0,6.0,55944,7318000000.0,5.0,7.87,3.0,444000.0,28.2,660000.0,71.77,2.0,1270000000.0,24000,1332893,5.4,958.0,1503000000.0,1.39,9.6
Latvia,64589,9.04,-1251000000.0,13.7,5829000000,4547000000.0,3569000000.0,26530000000.0,11500.0,7.6,60472,5970000000.0,8.5,9.55,6.0,936000.0,26.1,1170000.0,71.05,1.2,1700000000.0,44000,2290237,11.8,2303.0,1650000000.0,1.26,8.8
Guatemala,108890,34.11,-1381000000.0,6.81,5760000000,6608000000.0,2911000000.0,59470000000.0,4200.0,2.6,14118,7770000000.0,4.1,35.93,7.2,400000.0,14.9,3680000.0,65.14,0.8,,61000,14655189,32.0,886.0,3084000000.0,4.53,7.5
Slovakia,48845,10.62,-1400000000.0,9.43,28890000000,31150000000.0,29240000000.0,78890000000.0,14500.0,5.3,42970,29670000000.0,5.1,7.41,7.5,1375800.0,24.0,2200000.0,74.5,1.89,6800000000.0,82000,5431363,46.6,3661.0,14910000000.0,1.32,13.1
Lithuania,65200,8.62,-1600000000.0,10.92,10170000000,17930000000.0,8880000000.0,45230000000.0,12500.0,6.6,77148,11020000000.0,12.0,6.89,1.1,695700.0,21.9,1630000.0,73.97,1.9,2760000000.0,72000,3596617,25.2,1998.0,4610000000.0,1.19,8.0
Colombia,1138910,20.82,-1706000000.0,5.59,41140000000,44870000000.0,15500000000.0,281100000000.0,6600.0,3.6,112998,15340000000.0,4.0,20.97,5.9,2732200.0,15.8,20700000.0,71.72,3.4,5700000000.0,252000,42954279,51.8,3304.0,11940000000.0,2.56,13.6
Croatia,56542,9.57,-1925000000.0,11.38,15200000000,12510000000.0,7845000000.0,50330000000.0,11200.0,3.7,28344,16700000000.0,2.7,6.84,2.5,1014000.0,28.6,1710000.0,74.45,2.39,2840000000.0,89000,4495904,41.7,2726.0,8563000000.0,1.39,13.8
Vietnam,329560,17.07,-2061000000.0,6.2,32060000000,34480000000.0,23720000000.0,227200000000.0,2700.0,7.7,93300,26310000000.0,16.0,25.95,9.5,3500000.0,36.6,42980000.0,70.61,2.5,1300000000.0,185000,83535576,65.9,2600.0,6510000000.0,1.94,1.9
Bosnia and Herzegovina,51129,12.49,-2100000000.0,8.44,8318000000,10040000000.0,1700000000.0,26210000000.0,6500.0,5.0,21846,5200000000.0,5.5,21.05,1.1,100000.0,,1026000.0,72.85,4.5,300000000.0,20000,4025476,,1021.0,2000000000.0,1.71,44.0
Lebanon,10400,18.88,-2389000000.0,6.24,8591000000,8066000000.0,1783000000.0,18830000000.0,5000.0,4.0,7300,8162000000.0,,24.52,2.0,400000.0,26.0,2600000.0,72.63,3.1,,107000,3826018,177.9,401.0,16300000000.0,1.92,18.0
South Africa,1219912,18.48,-2480000000.0,21.32,189400000000,202600000000.0,41970000000.0,491400000000.0,11100.0,3.5,275971,39420000000.0,5.5,61.81,4.5,3100000.0,16.7,16630000.0,43.27,1.5,1800000000.0,460000,44344136,45.9,22298.0,11680000000.0,2.24,26.2
Ireland,70280,14.47,-2881000000.0,7.85,21780000000,22880000000.0,103800000000.0,126400000000.0,31900.0,5.1,95736,60650000000.0,7.0,5.39,2.2,1260000.0,23.8,1920000.0,77.56,0.9,4199000000.0,174400,4015676,31.2,3312.0,4152000000.0,1.87,4.3
Azerbaijan,86600,20.4,-2899000000.0,9.86,17370000000,17550000000.0,3168000000.0,30010000000.0,3800.0,9.8,28030,3622000000.0,4.0,81.74,4.6,300000.0,65.1,5090000.0,63.35,2.6,6720000000.0,140000,7911974,18.9,2957.0,875000000.0,2.44,1.2
Serbia and Montenegro,102350,12.12,-3008000000.0,10.49,32330000000,31640000000.0,3245000000.0,26270000000.0,2400.0,6.5,45290,9538000000.0,1.7,12.89,8.8,847000.0,14.4,3200000.0,74.73,,602000000.0,64000,10829175,80.0,4380.0,3550000000.0,1.67,30.0
Austria,83870,8.81,-3283000000.0,9.7,55090000000,58490000000.0,102700000000.0,255900000000.0,31300.0,1.9,200000,101200000000.0,3.3,4.66,1.8,3730000.0,22.6,3450000.0,78.92,0.9,7810000000.0,262400,8184691,64.2,6021.0,12730000000.0,1.36,4.4
Romania,237500,10.7,-3631000000.0,11.74,57500000000,56530000000.0,23540000000.0,171500000000.0,7700.0,8.1,198755,28430000000.0,4.0,26.43,9.6,4000000.0,23.3,9660000.0,71.35,2.47,18500000000.0,253800,22329977,23.6,11385.0,16210000000.0,1.36,6.3
New Zealand,268680,13.9,-3647000000.0,7.53,35710000000,38390000000.0,19850000000.0,92510000000.0,23200.0,4.8,92382,19770000000.0,5.9,5.85,2.4,2110000.0,22.4,2050000.0,78.66,1.0,6504000000.0,132700,4035461,22.1,3898.0,4805000000.0,1.79,4.2
Poland,312685,10.78,-3831000000.0,10.01,117400000000,133800000000.0,75980000000.0,463000000000.0,12000.0,5.6,364697,81610000000.0,10.0,8.51,3.4,8970000.0,18.4,17020000.0,74.41,1.71,13850000000.0,424100,38635144,49.9,23852.0,41880000000.0,1.39,19.5
Mexico,1972550,21.01,-4113000000.0,4.73,189700000000,203600000000.0,182400000000.0,1006000000000.0,9600.0,4.1,329532,190800000000.0,3.8,20.91,5.4,10033000.0,19.4,34730000.0,75.19,0.9,55100000000.0,1752000,106202903,23.5,19510.0,60670000000.0,2.45,3.2
Czech Republic,78866,9.07,-5730000000.0,10.54,55330000000,71750000000.0,66510000000.0,172200000000.0,16800.0,3.7,127204,68190000000.0,4.7,3.93,3.2,2700000.0,29.0,5250000.0,76.02,2.02,9892000000.0,175700,10241138,33.5,9520.0,32780000000.0,1.2,10.6
Hungary,93030,9.76,-7941000000.0,13.19,35990000000,34070000000.0,54620000000.0,149300000000.0,14900.0,3.9,159568,58680000000.0,9.6,8.57,7.0,1600000.0,22.8,4170000.0,72.4,1.75,13370000000.0,140700,10006835,58.3,7937.0,14800000000.0,1.32,5.9
Greece,131940,9.72,-8000000000.0,10.15,47420000000,47220000000.0,15500000000.0,226400000000.0,21300.0,3.7,117000,54280000000.0,4.1,5.53,2.9,1718400.0,27.0,4400000.0,79.09,4.3,2021000000.0,405700,10668354,112.0,2571.0,7300000000.0,1.33,10.0
Portugal,92391,10.82,-8120000000.0,10.43,42150000000,43280000000.0,37680000000.0,188700000000.0,17900.0,1.1,17135,52100000000.0,1.1,5.05,2.1,3600000.0,22.3,5480000.0,77.53,2.3,2542000000.0,339800,10566212,61.5,2850.0,12300000000.0,1.47,6.5
Turkey,780580,16.83,-15300000000.0,5.96,117900000000,139700000000.0,69460000000.0,508700000000.0,7400.0,8.2,354421,94500000000.0,16.5,41.04,9.3,5500000.0,17.3,25300000.0,72.36,5.3,15940000000.0,619500,69660559,74.3,8671.0,37100000000.0,1.94,9.3
Italy,301230,8.89,-21100000000.0,10.3,293900000000,261600000000.0,336400000000.0,1609000000000.0,27700.0,1.3,479688,329300000000.0,0.7,5.94,2.3,18500000.0,19.3,24270000.0,79.68,1.8,71180000000.0,1866000,58103033,105.6,19507.0,61500000000.0,1.28,8.6
Spain,504782,10.1,-30890000000.0,9.63,218400000000,229000000000.0,172500000000.0,937600000000.0,23300.0,2.6,664852,222000000000.0,3.0,4.42,3.2,9789000.0,25.4,19330000.0,79.52,1.2,17960000000.0,1497000,40341462,53.2,14268.0,19700000000.0,1.28,10.4
United Kingdom,244820,10.78,-33460000000.0,10.18,337400000000,395900000000.0,347200000000.0,1782000000000.0,29600.0,3.2,392931,439400000000.0,0.9,5.16,1.4,25000000.0,16.2,29780000.0,78.38,2.4,92850000000.0,1692000,60441457,39.6,17186.0,48730000000.0,1.66,4.8
Australia,7686850,12.26,-38300000000.0,7.44,195600000000,210300000000.0,86890000000.0,611700000000.0,30700.0,3.5,811603,98100000000.0,1.9,4.69,2.3,9472000.0,25.3,10350000.0,80.39,2.7,23330000000.0,796500,20090437,17.4,43802.0,35140000000.0,1.76,5.1
United States,9631418,14.14,-646500000000.0,8.25,3660000000000,3839000000000.0,795000000000.0,11750000000000.0,40100.0,4.4,6393603,1476000000000.0,4.4,6.5,2.5,159000000.0,15.7,147400000.0,77.71,3.3,640900000000.0,19650000,295734134,65.0,228464.0,85940000000.0,2.08,5.5
